Seniūnija,Rūšis,Objektas,Administratorius,Adresas,Paskirtis,Sezoniškumas,Būklė,Įrengimo/ renovacijos data,Užimtumas
Aleksotas,Vidaus,Sporto salė,Kauno Jurgio Dobkevičiaus progimnazija,V. Čepinskio g. 7,"Futbolas, krepšinis",yra,gera,2009 m.,mokyklos reikmėms d.d. 8.00 - 15.00 val. Išnuomota I-V 15.30 - 21.45 val.; VI-VII  10.00-20.00 val.
Aleksotas,Lauko,Stadionas,Kauno Jurgio Dobkevičiaus progimnazija,V. Čepinskio g. 7,Futbolas,yra,gera,,mokyklos reikmėms d.d. 8.00 - 16.00 val. 
Aleksotas,Lauko,Dirbtinės dangos futbolo aikštelė,Prezidento Valdo Adamkaus gimnazija,Bitininkų g. 31,Futbolas,yra ,Renovuotina,2009 m.,"Gimnazijos reikmėms d.d. 8.00 - 19.00 val. Aleksoto bendruomenės užsiėmimams 19.00 - 22.00 val., ir savaitgaliais."
Aleksotas,Lauko,Stadionas,Prezidento Valdo Adamkaus gimnazija,Bitininkų g. 31,"Futbolas, lengvoji atletika, kvadratas",yra ,Gera,2018 m.,"Gimnazijos reikmėms d.d. 8.00 - 19.00 val.Aleksoto bendruomenės užsiėmimams 19.00 - 22.00 val., ir savaitgaliais."
Aleksotas,Lauko,Daugiafunkcinė krepšinio aikštelė,Prezidento Valdo Adamkaus gimnazija,Bitininkų g. 31,"Krepšinis, tenisas, tinklinis",yra ,Gera,2018 m.,"Gimnazijos reikmėms d.d. 8.00 - 19.00 val.Aleksoto bendruomenės užsiėmimams 19.00 - 22.00 val., ir savaitgaliais."
Aleksotas,Lauko,Treniruoklių aikštelė,Prezidento Valdo Adamkaus gimnazija,Bitininkų g. 31,Įvairūs treniruokliai visoms raumenų grupėms,yra ,Gera,2017 m.,"Gimnazijos reikmėms d.d. 8.00 - 17.00 val.Aleksoto bendruomenės užsiėmimams 17.00 - 22.00 val., ir savaitgaliais."
Aleksotas,Lauko,Vaikų žaidimo aikštelė,Prezidento Valdo Adamkaus gimnazija,Bitininkų g. 31,"Piramidė, čiužimo kalnelis, sporto kompleksas, kompleksinis įrenginys 6-12 m. vaikams",yra ,Gera,2017 m.,"Gimnazijos reikmėms d.d. 8.00 - 17.00 val.Aleksoto bendruomenės užsiėmimams 17.00 - 22.00 val., ir savaitgaliais."
Aleksotas,Vidaus,Sporto salė,Prezidento Valdo Adamkaus gimnazija,Bitininkų g. 31,Krepšinis,nėra,Gera,2016 m.,Gimnazijos reikmėms d.d. 8.00 - 20.00 val. Savaitgaliais ir švenčių dienomis įstaiga nedirba.
Aleksotas,Lauko,Krepšinio aikštelė pradinukams,Tirkiliškių mokykla-darželis,"M. Yčo g. 2, Kaunas",krepšinis pradinukams,yra ,Gera,2017 m.,mokyklos reikmėms d.d. 8.00-15.00 val.
Aleksotas,Lauko,Stadionas,Tirkiliškių mokykla-darželis,"M. Yčo g. 2, Kaunas",Futbolas,yra ,renovuotina,1977 m.,mokyklos ir bendruomenės reikmėms 
Centras,Lauko,Krepšinio aikštelė,",,Aušros"" gimnazija",Laisvės al. 95,krepšinis,yra ,gera,2012 m.,Gimnazijos reikmėms d.d. nuo 8.00 - 15.00 val. 
Centras,Vidaus,Tinklinio salė,",,Aušros"" gimnazija",Laisvės al. 95,tinklinis,nėra,gera,2009 m.,Gimnazijos reikmėms d.d. nuo 8.00 - 16.00 val. Išnuomuota nuo 16.20 val. iki 20.30 val.
Centras,Lauko,"Lauko treniruokliai, gimnastikos įrenginiai",KAUNO ALEKSANDRO PUŠKINO GIMNAZIJA,VYTAUTO PR. 50,bendras fizinis rengimas,nėra,prasta,"TRENIRUOKLIŲ NETURIME, GIMNAZSTIKOS ĮRENGIMAI SENI.","mokyklos reikmėms, gyventojų reikmėms"
Centras,Lauko,Stadionas,KAUNO ALEKSANDRO PUŠKINO GIMNAZIJA,VYTAUTO PR. 50,lengvoji atletika,yra ,labai prasta,"renovacijos nebuvo, 1966 statyba.","mokyklos reikmėms, gyventojų reimėms"
Centras,Lauko,Krepšinio aikštelė,KAUNO ALEKSANDRO PUŠKINO GIMNAZIJA,VYTAUTO PR. 50,krepšinis,nėra,"krepšinio stovai, lentos, lankai - gera, pagrindas geras, danga - prasta",renovacijos nebuvo.,mokyklos ir centro gyventojų reikmėms.
Centras,Vidaus,treniruoklių salė,KAUNO ALEKSANDRO PUŠKINO GIMNAZIJA,VYTAUTO PR. 50,kūno rengyba,nėra,puiki,2008-2010 mokyklos pusrūsio patalpos pritaikytos sporto reikmėms,"mokyklos reikmėms, nuomojama Jaunalietuvioų sporto organizacijai"
Centras,Vidaus,Sporto salė,KAUNO ALEKSANDRO PUŠKINO GIMNAZIJA,VYTAUTO PR. 50,"Krepšinis, tinklinis, gimnastika",nėra,Gera,atliekamas einamasis remontas.,"Savivaldybės mokykla ""Startas"" - gimnastika (20 sav. val.), karate klubas RIFAS, mokyklos reuikmėms."
Centras,Lauko,Krepšinio aikštelė,Kauno Maironio universitetinė gimnazija,"Gimnazijos g. 3, Kaunas",bendras fizinis rengimas,nėra,gera,lauko aikštelė neatitinkanti standartų. Įrengta 2010 m.Dalinai renovuota 2017 m.,
Centras,Vidaus,Sporto salė,Kauno Maironio universitetinė gimnazija,"Gimnazijos g. 3, Kaunas",bendras fizinis rengimas,nėra,Renovuotina,,mokyklos reikmėms d.d. 8.00-15.00 val.
Centras,Lauko,"Futbolo vartai, krepšinio lenta, asfaltuotas kiemas",Kauno Senamiesčio progimnazija,Nemuno g. 12,bendras fizinis rengimas,nėra,Patenkinama,1994,mokyklos reikmėns
Centras,Vidaus,Sporto salė,Kauno Senamiesčio progimnazija,Nemuno g. 12,"Judrieji žaidimai, gimnastika",nėra,Renovuota,2018,"mokyklos reikmėms, išnuomota"
Centras,Lauko,Krepšinio aikštelė,Kauno Stepono Dariaus ir Stasio Girėno gimnazija,Miško g. 1 ,"Bendras fizinis rengimas, krepšinis",Nėra,Renovuotina,2006 m. ,Gimnazijos reikmėms nuo rugsėjo 1 d. iki birželio 20 d. d.d nuo 8.00-16.00 val.; išorės naudotojams nuo rugsėjo 1 d. iki birželio 20 d.kiekvieną dieną nuo 16.00-21.00 val.  ir nuo birželio 21 d. iki rugpjūčio 31 d. kiekvieną dieną nuo 9.00-22.00 val.  
Centras,Lauko,Lauko treniruokliai,Kauno Vinco Kudirkos progimnazija,"Trakų g. 39, Kaunas",bendras fizinis rengimas,Yra,Gera,2016 m.,"mokyklos reikmėms d.d. 08.00 - 18.00 val., visomis dienomis mikrorajono bendruomenė 18.00 - 22.00 val. ir savaitgaliais visą parą "
Centras,Lauko,Krepšinio aikštelės,Kauno Vinco Kudirkos progimnazija,"Trakų g. 39, Kaunas",krepšinis,Yra,Gera,2016 m.,"mokyklos reikmėms d.d. 08.00 - 18.00 val.,mikrorajono bendruomenė visomis dienomis  18.00 - 22.00 val. ir savaitgaliais visą parą "
Centras,Vidaus,Sporto salė,Kauno Vinco Kudirkos progimnazija,"Trakų g. 39, Kaunas","Krepšinis,tinklinis",Yra,Gera,2016 m.,"mokyklos reikmėms d.d 08.00-15.00 val., Išnuomota  d.d. ir šeštadeniais iki 13.00 val. Kauno sporto mokykla ""Startas"" tinkliniui 15.00-19.00 val., išnuomota krepšiniui 6 dienos  per sav. 19.00-20.00 val. ir  1 diena 20.00-21.00 val.                                              "
Centras,Vidaus,Sporto salytė,Kauno Vinco Kudirkos progimnazija,"Trakų g. 39, Kaunas","1-4 klasių mokinių  kūno kultūros pamokos, šokiai",Yra,Gera,2016 m.,mokyklos reikmėms d.d. 08.00-18.00 val.
Centras,Vidaus,Plaukimo baseinas,"SM ""Startas""",Miško g. 3,Plaukimas,nėra,Gera,2014 baseino vonios/ filtravimo 2017,mokyklos reikmėms 6:00-18:30 val               Išnuomota/ klientams 6:00-13:00 val ; 18.30-21:30 val. 
Centras,Vidaus,Mažas plaukimo baseinas ,"SM ""Startas""",Miško g. 3,Plaukimas,nėra ,gera ,,mokyklos reikmėms 6:00-18:30 val               Išnuomota/ klientams  18.30-21:30 val. 
Centras,Vidaus,Salės tinklinio salė ,"SM ""Startas""",Miško g. 3,Tinklinis  salės,nėra,Puiki,2018.09.,mokyklos reikmėms 14:30-20:00 val               Išnuomota 8:00-14:30 val; 20:00-21:30 val. 
Centras,Lauko ,Paplūdimio tinklinio aikštelė,"SM ""Startas""",Miško g. 3,Paplūdimio tinklinis ,yra,Renovuotina,,mokyklos reikmėms 9:00-18:00 val               Išnuomota/ klientams  18.00-21:30 val. 
Centras,Vidaus,Gimnastikos salė (didžioji) ,"SM ""Startas""",Miško g. 3,Sportinė gimnastika ,nėra ,Renovuotina,,mokyklos reikmėms 13:00-19:30 val               Išnuomota - 
Centras,Vidaus,Gimnastikos salė (mažoji) ,"SM ""Startas""",Miško g. 3,Sportinė gimnastika ,nėra,Renovuotina,,mokyklos reikmėms 13:00-19:30 val               Išnuomota - 
Centras,Vidaus,Krepšinio salė ,"SM ""Startas""",Miško g. 3,"Meninės gimanstikos treniruotės, varžyboms, tinklinio treniruotėms, varžyboms, krepšinis",nėra,Renovuotina,,mokyklos reikmėms 13:00-20:00 val               Išnuomota -  
Centras,Vidaus,Gydomosios kūno kultūros salė ,"SM ""Startas""",Miško g. 3,"Netaisiklyngos laikysenos, judesio korekcijos treniruotės",nėra,Renovuotina,,mokyklos reikmėms 14:00-18:30 val               Išnuomota/ klientams  10:00-14:00 val. 
Centras,Vidaus ,Meninės gimnastikos salė ,"SM ""Startas""",Miško g. 3,Meninė gimnastika ,nėra ,Renovuotina,,mokyklos reikmėms 14:00-19:30 val               Išnuomota/ klientams  10:00-12:00 val. 
Dainava,Lauko,Krepšinio aikštelė,A.Puškino gimnazija/Choreografijos mokykla,V.KRĖVĖS PR. 50,krepšinis,nėra,"senas asfaltas (1974 m.), senaas stovas, lenta. ",renovacijos nebuvo.,mokyklos reikmėms
Dainava,Vidaus,Sporto salė,"Kauno ""Varpelio"" pradinė mokykla",Vakarų g. 15,"Krepšinis, gimnastika",nėra,"gera, tačiau labai maža ir neaukšta -70 m²",2016 m.,mokyklos reikmėms d.d. 8.00-17.00 val.
Dainava,lauko,"lauko treniruokliai, gimnastikos įrenginiai","Kauno ,,Vyturio"" gimnazija",Taikos pr.51,bendras fizinis rengimas,yra ,gera,2018 m.,mokyklos reikmėms d.d 8.00-16.15 val.
Dainava,lauko,stadionas,"Kauno ,,Vyturio"" gimnazija",Taikos pr.51,"futbolas, lengvoji atletika, bendras fizinis rengimas",yra ,gera,2018 m.,mokyklos reikmėms d.d 8.00-16.15 val.
Dainava,lauko,krepšinio aikštelė,"Kauno ,,Vyturio"" gimnazija",Taikos pr.51,krepšinis,yra ,gera,2015 m.,mokyklos reikmėms d.d 8.00-16.15 val.
Dainava,lauko,vaikų žaidimų aikštelė 6-12 m. vaikams,"Kauno ,,Vyturio"" gimnazija",Taikos pr.51,"bendras fizinis parengimas, laisvalaikio užimtumas 6-12 m. vaikams",yra ,gera,2018 m.,mokyklos reikmėms d.d 8.00-16.15 val.
Dainava,vidaus,sporto salė,"Kauno ,,Vyturio"" gimnazija",Taikos pr.51,"krepšinis, tinklinis , gimnastika, bendras fizinis rengimas",nėra,gera,"2006m., atnaujinta grindų  danga 2017 m., apšvietimas 2018 m.","mokyklos reikmėms d.d 8.00-16.15 val., 16.30-20.00 Kauno krepšinio mokykla ,,Žalgiris"""
Dainava,vidaus,Sporto salė,KAUNO ALEKSANDRO PUŠKINO GIMNAZIJA,V.KRĖVĖS PR. 50,"krepšinis, tinklinis, futbolas",nėra,"pakeista grindų danga, atliktas paprastas sienų remontas",2015 m. įrengta šiuolaikinė grindų danga,"Mokykla ""Startas"" - tinklinio treniruotės, mokykla ""Tauras"" - futbolas, Krepšinio mokykla ""Perkūnas"" - krepšinis."
Dainava,vidaus,bokso/karatė sporto salė,KAUNO ALEKSANDRO PUŠKINO GIMNAZIJA,V.KRĖVĖS PR. 50,"boksas, karatė",nėra,šiemet atliktas kosmetinis remontas,2006 m. įrengta. Šiemet atliktas remontas.,"Mokyklos neformalaus švietimo pamokos. Kudo klubas ""Cunamis"""
Dainava,vidaus,treniruoklių salė,KAUNO ALEKSANDRO PUŠKINO GIMNAZIJA,V.KRĖVĖS PR. 50,kūno rengyba,nėra,puiki,"2014 m. atliktas remontas. Perkami treniruokliai. Įrengta speciali grindų danga, veidrodžiai",mokyklos reikmėms
Dainava,Lauko,Stadionas,KAUNO ALEKSANDRO PUŠKINO GIMNAZIJA/ V.Kuprevičiaus mokykla,V.KRĖVĖS PR. 50,"Futbolas, regbis, žolės riedulys",nėra,PUIKI,2017-2018,mes 
Dainava,Lauko,Futbolo aikštynas,Kauno Aleksandro Stulginskio mokykla- dc,Partizanų g. 152,"Futbolas, regbis, lengvoji atletika",nėra,gera,2016 m.,"mokyklos reikmėms darbo dienomis 8:00  - 16:00, kitu laiku - bendruomenė"
Dainava,Vidaus,Sporto salė,Kauno Aleksandro Stulginskio mokykla- dc,Partizanų g. 152,"Futbolas, krepšinis, lengvoji atletika",nėra,gera,,"mokyklos reikmėms d.d. 8:00  - 16:00, d.d. 17:30 - 20:30 KM""Žalgiris"""
Dainava,Lauko,Universali žaidimų aikštelė,Kauno Aleksandro Stulginskio mokykla- dc,Partizanų g. 152,"Futbolas, regbis, lengvoji atletika",nėra,patenkinama,,"mokyklos reikmėms darbo dienomis 8:00  - 16:00, kitu laiku - bendruomenė"
Dainava,Lauko,"Lauko treniruokliai, gimnastikos įrenginiai",Kauno Bernardo Brazdžionio mokykla,Partizanų g. 22,bendras fizinis rengimas,nėra,Gera,2017 m.,mokyklos ir mikrorajono gyventojų reikmėms
Dainava,Lauko,Stadionas,Kauno Bernardo Brazdžionio mokykla,Partizanų g. 22,bendras fizinis rengimas,yra ,Renovuotinas,,mokyklos reikmėms
Dainava,Lauko,Krepšinio aikštelė,Kauno Bernardo Brazdžionio mokykla,Partizanų g. 22,krepšinis,yra ,Renovuotina,,mokyklos ir mikrorajono gyventojų reikmėms
Dainava,Vidaus,Sporto salė,Kauno Bernardo Brazdžionio mokykla,Partizanų g. 22,"Krepšinis, futbolas",nėra,Renovuotina,,"mokyklos reikmėms d.d. Išnuomota I, II, III, IV - 16.00 - 20.30 val., V- 16.00 - 19.00 val."
Dainava,lauko,Stadionas,Kauno Dainavos progimnazija,Partizanų g. 118,futbolas,yra,renovuotina,,"Futbolas 18.00-19.30,"
Dainava,lauko ,Krepšinio aikštelė,Kauno Dainavos progimnazija,Partizanų g. 118,krepšinis,yra,renovuotina,,
Dainava,Vidaus,Sporto salė,Kauno Dainavos progimnazija,Partizanų g. 118,"Krepšinis,futbolas",nėra,renovuotina,,"Išnuomota I-V 15.00-19.30 sporto mokykloms, I-IV 19.30-22.00 privatiems asmenims"
Dainava,Lauko,"Lauko treniruokliai, gimnastikos įrenginiai",Kauno Viktoro Kuprevičiaus progimnazija,"Kovo 11-osios 94, Kaunas",bendras fizinis rengimas,nėra,Gera,2018,"Mokyklos reikmėms (pamokos, treniruotės, būreliai) - 8,00-15,00;, bendruomenės užsiėmimai, SM ,,Tauras"", Sm ,,Startas"",SM ,,Žalgiris"""
Dainava,Lauko,Stadionas,Kauno Viktoro Kuprevičiaus progimnazija,"Kovo 11-osios 94, Kaunas","Futbolas, regbis, lengvoji atletika",yra ,Renovuotina,2018,"Mokyklos reikmėms (pamokos, treniruotės, būreliai) - 8,00-15,00;, bendruomenės užsiėmimai, SM ,,Tauras"", SM ,,Startas"",SM ,,Žalgiris"""
Dainava,Lauko,Krepšinio aikštelė,Kauno Viktoro Kuprevičiaus progimnazija,"Kovo 11-osios 94, Kaunas",krepšinis,nėra,Renovuota,2018,"Mokyklos reikmėms (pamokos, treniruotės, būreliai) - 8,00-15,00;, bendruomenės užsiėmimai, SM ,,Tauras"", SM ,,Startas"",SM ,,Žalgiris""(krepšinis)"
Dainava,Vidaus ,Sporto salė,Kauno Viktoro Kuprevičiaus progimnazija,"Kovo 11-osios 94, Kaunas","Krepšinis, gimnastika",nėra,reikalingas remontas,,"Mokyklos reikmėms (pamokos, treniruotės, būreliai) - 8,00-15,00;, bendruomenės užsiėmimai, SM ,,Tauras"",SM ,,Startas"", SM ,,Žalgiris"" ; Išnuomojama salė bus tik nuo 20,30 iki 20,00 val."
Dainava,vidaus,Sporto salės 4 ,"KM ""žalgiris""",Pašilės g. 41,Krepšinis,nėra,gera,2004 m.,Mokyklos reikmėms             d.d. I-V 14.30 - 22.00 val.  Šestadienį 9.00-15.00 val.
Dainava,Vidaus,"Administracinis pastatas, sporto salės","SM ""GAJA""",Partizanų g. 180,"Šachmatai, stalo tenisas, laisvosios imtynės, dviračiai",nėra,Gera,,Mokyklos reikmėms 
Dainava,Vidaus,Treniruoklių salė,"SM ""Tauras""",Krėvės 63,regbis:bendras fizinis rengimas,nėra,Gera,2013,mokyklos reikmėms visomis savaitės dienomis
Dainava,Lauko,Stadionas,"SM ""Tauras""",Partizanų 192,"Regbis: treniruotės, varžybos",yra ,Renovuojamas,2019 m.,
Dainava,Lauko,"Lauko treniruokliai, gimnastikos įrenginiai","VDU ""Atžalyno"" progimnazija","Partizanų g. 46, Kaunas",bendras fizinis rengimas,nėra,Renovuota,2017 m.,mokyklos 8.00-15.00 val.; bendruomenės reikmėms kai nevyksta užsiėmimai 
Dainava,Lauko,Stadionas,"VDU ""Atžalyno"" progimnazija","Partizanų g. 46, Kaunas","Futbolas, regbis, lengvoji atletika",yra ,Renovuota,2017 m.,mokyklos 8.00-15.00 val.; bendruomenės reikmėms kai nevyksta užsiėmimai 
Dainava,Lauko,Krepšinio aikštelė,"VDU ""Atžalyno"" progimnazija","Partizanų g. 46, Kaunas",krepšinis,yra ,Renovuota,2017 m.,mokyklos 8.00-15.00 val.; bendruomenės reikmėms kai nevyksta užsiėmimai 
Dainava,Vidaus,Sporto salė,"VDU ""Atžalyno"" progimnazija","Partizanų g. 46, Kaunas","Krepšinis, gimnastika",yra ,Renovuota,2014 m.,mokyklos reikmėms 8.00-15.30 val.; neformaliam švietimui 15.30-18.30 val; Išnuomota 18.30-22.00 val.
Dainava ,Lauko,Lauko treniruokliai,Juozo Urbšio katalikiška pagrindinė mokykla,Partizanų g. 68,bendras fizinis rengimas,nėra,Gera,2016,Mokyklos reikmėms -d.d pamokų metu.
Dainava ,Lauko,Futbolo aikštė,Juozo Urbšio katalikiška pagrindinė mokykla,Partizanų g. 69,"Futbolas, regbis, lengvoji atletika",yra ,Gera,2016,"Mokyklos reikmėms  - d.d.pamokų metu, sporto mokyklos- I-IV  16.00-21.00, V-16.00-19.00  - bendruomenė"
Dainava ,Lauko,Krepšinio aikštelė,Juozo Urbšio katalikiška pagrindinė mokykla,Partizanų g. 70,krepšinis,yra ,Gera,2016,"Mokyklos reikmėms  - d.d.pamokų metu, po pamokų - vietinė bendruomenė"
Dainava ,Lauko,Universali aikštelė,Juozo Urbšio katalikiška pagrindinė mokykla,Partizanų g. 71,krepšinis,yra ,Gera,2016,"Mokyklos reikmėms  - d.d.pamokų metu, po pamokų - vietinė bendruomenė"
Dainava ,Vidaus,Sporto salė,Juozo Urbšio katalikiška pagrindinė mokykla,Partizanų g. 72,"Krepšinis, tinklinis, regbis, orientacinis.",nėra,Gera,2016,"Mokyklos reikmėms  - d.d.pamokų metu,  I -15.30-19.30,(sporto mokyklos), 19.30-21.00 (mokyklos bendruomenė), II  -15.45-18.45(sporto mokyklos), 18.45-21.00 (mokyklos bendruomenė)III, IV, V-14.15 - 20.30(sporto mokyklos)"
Dainava ,Vidaus,Baseinas,Kauno plaukimo mokykla,Partizanų g. 46,"plaukimas, vandensvydis",nėra,Gera,2004 m.,"Mokyklos reikmėms. 
Treniruotės d.d. 6.00-19.30 val. 
šeštadieniais 7.00-16.00 val.
Paslaugos gyventojams 
d.d. 8.00-13.00, 19.30-21.30 val.
šeštadieniais 11.00-13.00 val."
Eiguliai,Lauko,Kvadrato aikštelė (standartinė),"""Paparčio"" pradinė mokykla",Šiaurės pr. 35,"bendras fizinis rengimas, kvadratas",yra ,Gera, įrengta 2015 m.,mokyklos reikmėms  d.d nuo 8.00 iki 15.00
Eiguliai,Lauko,Futbolo vartai (maža aikštelė mokyklos kieme),"""Paparčio"" pradinė mokykla",Šiaurės pr. 35,"Futbolas, beizbolas,",yra ,patenkinama,,mokyklos reikmėms  d.d nuo 8.00 iki 15.00
Eiguliai,Vidaus,Sporto salė (plotas mažas ir tik vienas krepšinio lankas),"""Paparčio"" pradinė mokykla",Šiaurės pr. 35,"Krepšinis, joga",nėra,patenkinama, įrengta 2000 m.,mokyklos reikmėms  d.d nuo 8.00 iki 15.00
Eiguliai,Lauko,"Lauko treniruokliai, ",Generolo Povilo Plechavičiaus kadetų licėjus,Žeimenos g. 66,bendras fizinis rengimas,nėra,Gera,2018 m.,Mokyklos reikmėms d.d  8.00 - 19.00 val.
Eiguliai,Lauko,Stadionas,Generolo Povilo Plechavičiaus kadetų licėjus,Žeimenos g. 66,"Futbolas, regbis, lengvoji atletika",nėra,Gera,2018 m.,Mokyklos reikmėms darbo dienomis 8.00 - 19.00 val.
Eiguliai,Lauko,Universali lauko aikštelė,Generolo Povilo Plechavičiaus kadetų licėjus,Žeimenos g. 66,"krepšinis, rankinis",nėra,gera,2018 m.,Mokyklos reikmėms darbo dienomis 8.00 - 19.00 val.
Eiguliai,Vidaus,Sporto salė,Generolo Povilo Plechavičiaus kadetų licėjus,Žeimenos g. 66,"Krepšinis, gimnastika, bendras fizinis rengimas",nėra,Renovuotina,,Mokyklos reikmėms darbo dienomis 8.00 - 19.00 val.
Eiguliai,Lauko,Stadionas,Kauno A. Žikevičiaus saugaus vaiko m-kla,Ašigalio g. 23,"Bendras fizinis rengimas, futbolas",nėra,Renovuotina,,"Mokyklos, Pilėnų progimnazijos, Všį ""Būk savimi"", mikrorajono gyventojų reikmėms"
Eiguliai,Lauko,Stadionas,Kauno Antano Smetonos gimnazija,Geležinio Vilko g. 28,"futbolas, regbis, lengvoji atletika",yra ,renovuotinas,,mokyklos reikmėms d.d. 8.00-14.00 val.
Eiguliai,Lauko,Krepšinio aikštelė,Kauno Antano Smetonos gimnazija,Geležinio Vilko g. 28,krepšinis,nėra,renovuotina,2007 m.,mokyklos reikmėms d.d. 8.00-14.00 val.
Eiguliai,Vidaus,Sporto salė,Kauno Antano Smetonos gimnazija,Geležinio Vilko g. 28,"krepšinis, rankinis",nėra,gera,2014 m.,"mokyklos reikmėms d.d. 8.00-15.00; Išnuomota II, IV 15.15-22.30; I, III 16.30-22.30; V 16.30-20.30; VI 9.00-12.00; VII 10.00-13.00."
Eiguliai,Lauko,"Lauko treniruokliai, gimnastikos įrenginiai",Kauno Kazio Griniaus progimnazija,Šiaurės pr.97,bendras fizinis rengimas,nėra,patenkinama,2012,bendruomenei
Eiguliai,Lauko,Stadionas,Kauno Kazio Griniaus progimnazija,Šiaurės pr.97,"Futbolas, regbis, lengvoji atletika",nėra,Renovuotina,1982,mokyklos reikmėms d.d. 8.00-15.00 val.
Eiguliai,Lauko,Krepšinio aikštelė,Kauno Kazio Griniaus progimnazija,Šiaurės pr.97,krepšinis,nėra,Renovuotina,2006,mokyklos reikmėms d.d. 8.00-15.00 val.
Eiguliai,Vidaus,Sporto salė,Kauno Kazio Griniaus progimnazija,Šiaurės pr.97,Krepšinis,nėra,Renovuotina,2004,"mokyklos reikmėms d.d. 8.00 - 15.00 val. Išnuomota I, III, 15.00 - 21.00 val.; II-V 15.00-21.00 val."
Eiguliai,Lauko,"Lauko treniruokliai, gimnastikos įrenginiai",Kauno Pilėnų progimnazija,Ašigalio g.23,Bendras fizinis rengimas,pagal oro sąlygas,Gera,2013,Mokyklos ir bendruomenės reikmėms
Eiguliai,Lauko,"Lygiagretės, skersiniai",Kauno Pilėnų progimnazija,Šiaurės pr.73,Bendras fizinis rengimas,pagal oro sąlygas,Gera,2017,Mokyklos ir bendruomenės reikmėms
Eiguliai,Lauko,Stadionas,Kauno Pilėnų progimnazija,Šiaurės pr.73,"Futbolas, lengvoji atletika",pagal oro sąlygas,Gera,2017,Mokyklos ir bendruomenės reikmėms
Eiguliai,Lauko,Krepšinio aikštelė,Kauno Pilėnų progimnazija,Šiaurės pr.73,Krepšinis,pagal oro sąlygas,Gera,2017,Mokyklos ir bendruomenės reikmėms
Eiguliai,Lauko ,Daugiafunkcinė sporto aikštelė,Kauno Pilėnų progimnazija,Šiaurės pr.73,Kvadratas,pagal oro sąlygas,Gera,2017,Mokyklos ir bendruomenės reikmėms
Eiguliai,Vidaus,Sporto salė,Kauno Pilėnų progimnazija,Šiaurės pr.73,"Orientacinis, rankinis, regbis",nėra,Vidutinė,2014,"Mokyklos, sporto mokyklų reikmėms. Nuo 19 val. -nuoma"
Eiguliai,Lauko,Lauko krepšinio aikštelė,Martyno Mažvydo progimnazija,Šiaurės pr. 55,krepšinis,yra ,Gera,2006 m.,mokyklos ir gyventojų reikmėms
Eiguliai,Lauko,Stadionas (rekonstruojamas),Martyno Mažvydo progimnazija,Šiaurės pr. 55,"Futbolas,, lengvoji atletika, krepšinis, kvadratas, tinklinis",yra ,Renovuojamas,2018-08-07 - 2018-11-06,mokyklos ir gyventojų reikmėms
Eiguliai,Vidaus,Aktų salė,Martyno Mažvydo progimnazija,Šiaurės pr. 55,gimnastika,nėra,gera,2009-2011 m.,mokyklos ir sporto mokyklos gimnastikos reikmėms (8-20.00)
Eiguliai,Vidaus,Sporto salė,Martyno Mažvydo progimnazija,Šiaurės pr. 55,"Krepšinis, gimnastika, futbolas",yra ,Renovuota,2009-2011 m.,"mokyklos ir sporto mokyklų gimnastikos, krepšinio ir futbolo reikmėms  (8.00 - 20.30 val.) d.d. ir šeštadienį 10.00- 14.00 val."
Eiguliai,Lauko,"Lauko treniruokliai, gimnastikos įrenginiai","VDU ,,Rasos"" gimnazija",P. Lukšio g. 40,bendras fizinis rengimas,nėra,Gera,2018 m.,mokyklos reikmėms d.d. 8.00 - 16.00 val. 
Eiguliai,Lauko,Stadionas,"VDU ,,Rasos"" gimnazija",P. Lukšio g. 40,"futbolas,  lengvoji atletika",yra ,Gera,2018 m.,mokyklos reikmėms d.d. 8.00 - 16.00 val. 
Eiguliai,Lauko,Krepšinio aikštelė,"VDU ,,Rasos"" gimnazija",P. Lukšio g. 40,krepšinis,nėra,Gera,2018 m.,mokyklos reikmėms d.d. 8.00 - 16.00 val. 
Eiguliai,Lauko,Futbolo aikštelė,"VDU ,,Rasos"" gimnazija",P. Lukšio g. 40,futbolas ,nėra,Gera,2018 m.,mokyklos reikmėms d.d. 8.00 - 16.00 val. 
Eiguliai,Vidaus,Sporto salė (krepšinio aikštelė),"VDU ,,Rasos"" gimnazija",P. Lukšio g. 40,"Krepšinis, gimnastika",nėra,patenkinama,,"mokyklos reikmėms d.d. 8.00 - 16.00 val. Klubas ,,Tornado"" -pirmadieniais, trečiadieniais-16.00-19.00, penktadieniais  16.00-18.00; klubas  ,,Žalgiris"" -antradieniais, ketvirtadieniais 16.00-19.00, penktadieniais -18.00-20.00; d. d. mokyklos bendruomenė 20.00-21.30; šeštadieniais gimnazija uždaryta, sekmadieniais mokyklos bendruomenė 8.00-12.00 "
Eiguliai ,Vidaus,Sporto klasė,Kauno Suzukio pradinė mokykla ,Šiaurės pr. 23,"bendrasis fizinis rengimas; karatė, joga",nėra,Renovuotina,,"mokyklos reikmėms darbo dienomis; planuojama išnomuoti karatė, jogai nuo 2018-10-01"
Gričiupis,Lauko,"Lauko treniruokliai, gimnastikos įrenginiai","""Varpo"" gimnazija",Rytų g. 19,Bendras fizinis rengimas,nėra,Gera,2017,"mokyklos reikmėms d.d. 8.00-15.00 val., likęs laikas skirtas bendruomenės reikmėms"
Gričiupis,Lauko,Mini futbolo aikštelė,"""Varpo"" gimnazija",Rytų g. 19,"Futbolas,  krepšinis",yra ,Gera,2012,"mokyklos reikmėms d.d. 8.00-15.00 val., likęs laikas skirtas bendruomenės reikmėms"
Gričiupis,Lauko,Krepšinio aikštelė,"""Varpo"" gimnazija",Rytų g. 19,Krepšinis,yra ,Gera,2017,"mokyklos reikmėms d.d. 8.00-15.00 val., likęs laikas skirtas bendruomenės reikmėms"
Gričiupis,Lauko,Tinklinio-lauko teniso aikštelė,"""Varpo"" gimnazija",Rytų g. 19,"Tinklinis, lauko tenisas",yra ,Gera,2017,"mokyklos reikmėms d.d. 8.00-15.00 val., likęs laikas skirtas bendruomenės reikmėms"
Gričiupis,Vidaus,Sporto salė,"""Varpo"" gimnazija",Rytų g. 19,"Krepšinis, gimnastika",nėra,Gera,"1981, dalinai renovuota 2012","mokyklos reikmėms d.d. 8.00-16.00 val., išnuomota 16.00-21.30 val."
Gričiupis,Vidaus,Treniruoklių salė (mažoji) ,"""Varpo"" gimnazija",Rytų g. 19,Bendras fizinis rengimas,nėra,Gera,"1981, dalinai renovuota 2012",mokyklos reikmėms
Gričiupis,Lauko,"Lauko treniruokliai, gimnastikos įrenginiai","Kauno ""Nemuno"" mokykla",A. ir J. Gravrogkų 9,bendras fizinis rengimas,nėra,Gera,,mokyklos reikmėms          d.d. 8.00-16.00 val.kitu laiku bendruomenės reikmėms
Gričiupis,Lauko,Krepšinio aikštelė,"Kauno ""Nemuno"" mokykla",A. ir J. Gravrogkų 9,"Krepšinis, judrieji žaidimai, bendras fizinis rengimas",nėra,gera,,mokyklos reikmėms           d.d. 8.00-18.00                                 kitu laiku bendruomenės reikmėms
Gričiupis,Vidaus,Aerobikos salytė,"Kauno ""Nemuno"" mokykla",A. ir J. Gravrogkų 9,"Aerobika, šokis, gimnastika, bendras fizinis rengimas",nėra,gera,,Mokyklos reikmėms          d.d. 8.00- 16.00 val.                             Išnuomota                              I ir II 18.00-19.00                                                                   I ir III 19.30-20.30
Gričiupis,Vidaus,Sporto salė,"Kauno ""Nemuno"" mokykla",A. ir J. Gravrogkų 9,"Krepšinis, tinklinis, bendras fizinis rengimas, meninė gimnastika",nėra,Renovuotina,,remontuojama
Gričiupis,Vidaus,Sporto  salė,"Kauno ""Nemuno"" mokykla",A. ir J. Gravrogkų 11,"meninė gimnastika, bendras fizinis rengimas",nėra,Gera,,Mokyklos reikmėms          d.d. 8.00- 16.00 val.
Gričiupis,Vidaus,Sporto/Aktų  salė,"Kauno ""Nemuno"" mokykla",A. ir J. Gravrogkų 11,"meninė gimnastika, bendras fizinis rengimas, judrieji žaidimai",nėra,Gera,,"Mokyklos reikmėms               d.d. 8-16 val.,                                         Išnuomota                             IV 16.00-17.30 "
Gričiupis,Vidaus,Sporto/Aktų  salė,"Kauno ""Nemuno"" mokykla",A. ir J. Gravrogkų 13,"meninė gimnastika, bendras fizinis rengimas, judrieji žaidimai",nėra,Gera,,"Mokyklos reikmėms               d.d. 8-16 val.,                   Išnuomota                                                II 16.00-17.30"
Gričiupis,Vidaus,Sporto salė,Kauno Bernardo Brazdžionio mokykla,Radvilėnų pl. 7,,nėra,Renovuotina,,"mokyklos reikmėms d.d. išnuomota - I - 15.00 - 21.45 val., II - 16.00 - 20.00 val., III - 15.00 - 21.15 val., IV - 15.00 - 22.00 val., V - 16.00 - 19.00 val. "
Gričiupis,Lauko,Krepšinio aikštelė,Kauno Bernardo Brazdžionio mokykla,Radvilėnų pl. 7,krepšinis,nėra,Renovuotina,,mokyklos ir mikrorajono gyventojų reikmėms
Gričiupis,Lauko,Stadionas,Kauno Jono Laužiko mokykla,Tunelio 41,"bočia,l.atletika, ",yra ,gera,2018m.,mokyklos reikmėms d.d. 15.00 - 20.00 val.  
Gričiupis,Lauko,Krepšinio aikštelė,Kauno Jono Laužiko mokykla,Tunelio 41,krepšinis,yra ,gera,2018m.,mokyklos reikmėms d.d. 8.00-20.00 val.
Gričiupis,vidaus,Nestandartinė sporto salė,Kauno Jono Laužiko mokykla,Tunelio 41,Bendras fizinis pasirengimas,nėra,gera,2015,mokyklos reikmėms d.d. 8.00-20.00 val.
Gričiupis,Lauko,Lauko treniruokliai.,Kovo 11-osios gimnazija,Kovo 11-osios g. 50,bendras fizinis rengimas,nėra,Gera,,
Gričiupis,Lauko,Stadionas,Kovo 11-osios gimnazija,Kovo 11-osios g. 50,"Futbolas, lengvoji atletika",yra ,Renovuotina,,mokyklos ir bendruomenės reikmėms.
Gričiupis,Lauko,Krepšinio aikštelė,Kovo 11-osios gimnazija,Kovo 11-osios g. 50,krepšinis,yra ,gera,,mokyklos ir bendruomenės reikmėms
Gričiupis,Vidaus,Sporto salė,Kovo 11-osios gimnazija,Kovo 11-osios g. 50,Krepšinis.,nėra,gera,,8.30-17.00 val.mokyklos reikmėms. Po 17.00 val. Išnuomuota.
Gričiupis,Lauko,Krepšinio aikštelė,"Mokykla-darželis ""Šviesa""",Rimvydo g. 20,"Krepšinis, bendras fizinis rengimas",yra ,patenkinama,2011 m.,Mokyklos reikmėms d.d.  8:00-18:00
Gričiupis,Lauko,Futbolo aukštelė,"Mokykla-darželis ""Šviesa""",Rimvydo g. 20,Futbolas,yra ,gera,2015 m.,Mokyklos reikmėms d.d.  8:00-18:00
Gričiupis,Lauko,Kvadrato aikštelė,"Mokykla-darželis ""Šviesa""",Rimvydo g. 20,"Bendras fizinis rengimas, kvadratas",yra ,gera,2008 m.,Mokyklos reikmėms d.d.  8:00-18:00
Gričiupis,Vidaus,Sporto salė,"Mokykla-darželis ""Šviesa""",Rimvydo g. 20,Bendras fizinis rengimas,nėra,gera,2016 m.,"Mokyklos reikmėms d.d. 8-14 val. Išnuomota  I, III- 14.15-15.00; 16:40-17:10; V-16:30-7:15."
Gričiupis,Vidaus,Gimnastikos salytė,"Mokykla-darželis ""Šviesa""",Rimvydo g. 20,"Sportinė gimnastika, krepšinis",nėra,Gera,2018 m.,"Mokyklos reikmėms d.d. 8-14 val. Išnuomota  II, IV-13:30-14:15;14:15-15:00; 16:45-17:15; V-14:20-15:20; 16:00-16:30; 16:45-17:15"
Gričiupis,Lauko,Stadionas,Simono Daukanto progimnazija,"Taikos pr. 68, Kaunas","Futbolas, regbis, lengvoji atletika",yra ,Renovuotina,2013,mokyklos reikmėms 8:00 - 17:00
Gričiupis,Lauko,Krepšinio aikštelė,Simono Daukanto progimnazija,"Taikos pr. 68, Kaunas",krepšinis,yra ,Renovuotina,2013,mokyklos reikmėms 8:00 - 17:00
Gričiupis,Vidaus,Sporto salė,Simono Daukanto progimnazija,"Taikos pr. 68, Kaunas","Krepšinis, gimnastika",nėra,Gera,2013,Mokyklos reikmėms 8:00 - 17:00 Išnuomota  I ir III - 17:00 - 20:30; II - 17:00-21:30; 1V ir V - 16:30 - 20:00
Gričiupis,Vidaus,Sporto salė,"SM ""GAJA""",K.Baršausko g. 66b.,"Boksas, orentavimosi sp., treniruoklių salės, šaudymas iš lanko.",nėra,Gera,,Mokyklos reikmėms 
Panemunė,Vidaus,Sporto salė,"Kauno ""Šilo prdinė mokykla",Kariūnų pl. 3,Krepšinis,nėra,Renovuotina,,mokyklos reikmėms d.d. 8.00-15.00 val.
Panemunė,Lauko,Krepšinio aikštelė,"Kauno ""Šilo"" pradinė mokykla",Kariūnų pl. 3,Krepšinis,Šiltuoju metų laiku,gera,,mokyklos reikmėms d.d. 8.00-15.00 val.
Panemunė,Lauko,Krepšinio aikštelė,Kauno Panemunės pradinė mokykla,Kariūnų pl. 5,"Bendras fizinis rengimas pagal ugdymo planą,  krepšinis",yra ,Gera,2008 m.,Mokyklos reikmėms I-V 8-15 val.
Panemunė,Lauko,Mažoji futbolo aikštelė,Kauno Panemunės pradinė mokykla,Kariūnų pl. 5,"Bendras fizinis rengimas pagal ugdymo planą, futbolas",yra ,Gera,2015 m.,"Mokyklos reikmėms  I-V 8-15 val.; futbolas (SM ""Tauras"")      I 15.30-17 val., II, IV 15-17 val."
Panemunė,Vidaus,Sporto salė,Kauno Panemunės pradinė mokykla,Kariūnų pl. 5,"Bendras fizinis rengimas pagal ugdymo planą, krepšinis, futbolas, karatė, meninė gimnastika, stalo tenisas",nėra,Gera,2007 m.,"Mokyklos reikmėms I, III, V 8- 13.15, II, IV 8-15 val.; futbolas (SM ""Tauras"")  I 15.30-17 val., II, IV 15-17 val.; stalo tenisas (SM ""Gaja"") I, II, IV, V 13.15-15 val.; krepšinis (""Nacionalinė krepšinio akademija)"" I, III, V 13.15-15.30 val.; karatė (VšĮ ""Kumštis"") I, III 19-21 val.; meninė gimnastika (VšĮ Meninės gimnastikos akademija) I, III, IV 17-19 val."
Panemunė,Lauko,"Lauko treniruokliai, gimnastikos įrenginiai",Kauno Rokų gimnazija,Vijūnų g. 2,bendras fizinis rengimas,nėra,Gera,Modernizuoti,Gimnazijos ir bendruomenės reikmėms
Panemunė,Lauko,Stadionas,Kauno Rokų gimnazija,Vijūnų g. 2,"Futbolas, regbis, lengvoji atletika",nėra,Gera,Modernizuoti,Gimnazijos ir bendruomenės reikmėms
Panemunė,Lauko,Krepšinio aikštelė,Kauno Rokų gimnazija,Vijūnų g. 2,krepšinis,nėra,gera,Modernizuoti,Gimnazijos ir bendruomenės reikmėms
Panemunė,Vidaus,Sporto salė,Kauno Rokų gimnazija,Vijūnų g. 2,"Krepšinis, tinklinis",nėra,Gera,Modernizuoti,"8.00-16.30 ugdymo procesui. III, V, 15.30-16.30 išnuomota, I,II,III, IV, V, 18.30 - 19.30 Išnuomota."
Panemunė,Lauko,Lauko treniruokliai,Kauno Vaišvydavos pagrindinė mokykla,"Vaišvydo g. 28, Kaunas",bendras fizinis rengimas,nėra,Labai gera,2013,Mokyklos reikmėms ir bendruomenei visą parą.
Panemunė,Lauko,Krepšinio aikštelė,Kauno Vaišvydavos pagrindinė mokykla,"Vaišvydo g. 28, Kaunas",Krepšinis,nėra,Patenkinama,2006,Mokyklos reikmėms ir bendruomenei visą parą.
Panemunė,Lauko,Futbolo aikštelė,Kauno Vaišvydavos pagrindinė mokykla,"Vaišvydo g. 28, Kaunas","Futbolas, regbis",nėra,Puiki,2016,"Mokyklos reikmėms  I-V nuo 8-16.00, bendruomenei nuo 16.00-20.00"
Panemunė,Vidaus,Sporto salė,Kauno Vaišvydavos pagrindinė mokykla,"Vaišvydo g. 28, Kaunas","Krepšinis, gimnastika, regbis, šokiai",nėra,Gera,2003,"Mokyklos reikmėms pirmadieniais ir trečiadieniais 8.00 - 15.00 val. Antradieniais, ketvirtadieniais, penktadieniais 8.00-16.00 val. Išnuomota I ir III-15-20val. V-16-17val."
Panemunė,Lauko,Stadionas,KTU inžinerijos licėjus,Vaidoto g. 11,"Futbolas, lengvoji atletika",yra ,Renovuojama,,Mokyklos reikmėms d.d. 8:00-16:00
Panemunė,Lauko,Krepšinio aikštelė,KTU inžinerijos licėjus,Vaidoto g. 11,Krepšinis,nėra,Renovuojama,,Mokyklos reikmėms d.d. 8:00-16:00
Panemunė,Lauko,Lauko treniruokliai,KTU inžinerijos licėjus,Vaidoto g. 11,Bendras fizinis rengimas,nėra,Renovuojama,,Mokyklos reikmėms d.d. 8:00-16:00
Panemunė,Lauko,Futbolo aikštelė,KTU inžinerijos licėjus,Vaidoto g. 11,Futbolas,nėra,Renovuojama,,Mokyklos reikmėms d.d. 8:00-16:00
Panemunė,Vidaus,Sporto salė,KTU inžinerijos licėjus,Vaidoto g. 11,"Krepšinis, gimnastika",nėra,patenkinama,,Mokyklos reikmėms d.d. 8:00-16:00
Petrašiūnai,Lauko,"Lauko treniruokliai, gimnastikos įrenginiai",Kauno Palemono gimnazija,Marių 37,bendras fizinis rengimas,nėra,L. Gera ,2018 m.,mokyklos ir bendruomenės reikmėms
Petrašiūnai,Lauko,Stadionas,Kauno Palemono gimnazija,Marių 37,"Futbolas, lengvoji atletika",yra ,L.Gera,2018 m. ,"Mokyklos reikmėms darbo dienomis nuo 8.30. val. iki 15.00. val., likęs laikas - bendruomenės reikmėms"
Petrašiūnai,Lauko,Mažojo futbolo aikštelė,Kauno Palemono gimnazija,Marių 37,"Futbolas, rankinis ",yra ,L.Gera,2018 m. ,"Mokyklos reikmėms darbo dienomis nuo 8.30. val. iki 15.00. val. Futbolo mokykla ""Tauras"" darbo dienomis nuo 15.00 val.-18.00 val., likęs laikas - bendruomenės reikmėms "
Petrašiūnai,Lauko,Krepšinio aikštelė,Kauno Palemono gimnazija,Marių 37,"Krepšinis, lauko tenisas",yra ,L.Gera,2018 m. ,"Mokyklos reikmėms darbo dienomis nuo 8.30. val. iki 17.00. val., likęs laikas - bendruomenės reikmėms "
Petrašiūnai,Lauko,Tinklinio aikštelė,Kauno Palemono gimnazija,Marių 37,Tinklinis ,yra ,L.Gera,2018 m. ,"Mokyklos reikmėms darbo dienomis nuo 8.30. val. iki 15.00. val., likęs laikas - bendruomenės reikmėms "
Petrašiūnai,Vidaus,Sporto salė,Kauno Palemono gimnazija,Marių 37,"Krepšinis, gimnastika, tinklinis,..",nėra,L.Gera,2017 m. ,"Mokyklos reikmėms darbo dienomis nuo 8.30. val. iki 15.00. val. Futbolo mokykla ""Tauras"" darbo dienomis nuo 15.00 val.-18.00 val. Nuo 18.00 laisva ir gali būti išnuomojama"
Petrašiūnai,Lauko,"Lauko treniruokliai, gimnastikos įrenginiai",Kauno Petrašiūnų progimnazija,M. Gimbutienės g. 9,Bendras fizinis rengimas,Nėra,Gera,2017 m.,Mokyklos reikmėms 8.00-14.45 val. Išorės naudotojai 14.45-22.00 val. 
Petrašiūnai,Lauko,Stadionas,Kauno Petrašiūnų progimnazija,M. Gimbutienės g. 9,Futbolas,Nėra ,Gera,2017 m.,Mokyklos reikmėms 8.00-14.45 val. Išorės naudotojai 14.45-22.00 val. 
Petrašiūnai,Lauko,"Tinklinio, lauko  teniso aikštelė",Kauno Petrašiūnų progimnazija,M. Gimbutienės g. 9,"Tinklinis, lauko tenisas",Nėra,Gera,2017 m.,Mokyklos reikmėms 8.00-14.45 val. Išorės naudotojai 14.45-22.00 val. 
Petrašiūnai,Lauko,Krepšinio aikštelė,Kauno Petrašiūnų progimnazija,M. Gimbutienės g. 9,Krepšinis,Nėra,Gera,2007 m.,Mokyklos reikmėms 8.00-14.45 val. Išorės naudotojai 14.45-22.00 val. 
Petrašiūnai,Vidaus,Sporto salė,Kauno Petrašiūnų progimnazija,M. Gimbutienės g. 9,"Krepšinis, futbolas, gimnastika",Nėra,Reikalingas remontas,Statyta 1985 m.,"mokyklos reikmėms 8.00-14.35 val. Nuomininkai, naudotojai: I-IV 14.35-21.00; V 14.35-19.30."
Petrašiūnai,vidaus,Sporto salė,"KM ""žalgiris""",Naglio g. 4E,Krepšinis,nėra,gera,2004m.,"mokyklos reikmėms d.d. I,IV,V 16.00-17.30 val. Ir 19.30-21.00 val. II 19.30-21.00; III 16.30-20.00 val"
Petrašiūnai,Vidaus,Sporto salė,"SM ""GAJA""",M.Gimbutienės g. 9,Šaudymas,nėra,Gera,2017 m.,Mokyklos reikmėms 
Šančiai,Lauko,Lauko treniruokliai,"""Žiburio"" pagrindinė mokykla","Verkių g. 30, Kaunas",bendras fizinis rengimas,yra ,Gera,,mokyklos reikmėms  sezono metu  d.d. 8.00-16.00. Vakarais- seniūnijos bendruomenei.
Šančiai,Lauko,Stadionas,"""Žiburio"" pagrindinė mokykla","Verkių g. 30, Kaunas","Futbolas, regbis, lengvoji atletika",yra ,Gera,,mokyklos reikmėms  sezono metu d.d. 8.00-16.00.  Vakarais - seniūnijos bendruomenei.
Šančiai,Lauko,Krepšinio aikštelė,"""Žiburio"" pagrindinė mokykla","Verkių g. 30, Kaunas",Krepšinis,yra ,Gera,,mokyklos reikmėms sezono metu d.d. 8.00-16.00. Vakarais- seniūnijos bendruomenei.
Šančiai,Vidaus,Sporto salė,"""Žiburio"" pagrindinė mokykla","Verkių g. 30, Kaunas","Krepšinis, rankinis, tinklinis",nėra,Gera,,"mokyklos reikmėms mokslo metų eigoje d.d. 8.00- 15.00, išnuomota  d.d. 15.00- 21.00 sporto mokykloms ir organizacijoms."
Šančiai,Vidaus,Sporto salė,Kauno Montesori mokykla-darželis „Žiburėlis“,"Verkių g. 36, Kaunas","Ankstyvojo, ikimokyklinio, priešmokyklinio ir pradinio ugdymo vaikų kūno kultūros užsiėmimams/pamokoms. Laisvu nuo pamokų/užsiėmimų metu salė nuomojama krepšinio ir karate neformaliojo ugdymo būreliams",nėra,Renovuota,2016,mokyklos reikmėms d.d. 8.30 - 14.15 val.                           Išnuomota I -IV 14.30 - 17.15 val.
Šančiai,Vidaus,Sporto salė,Kauno suaugusiųjų ir jaunimo mokymo centras,Sandėlių g. 7,"Krepšinis, gimnastika",nėra,Renovuotina,,mokyklos reikmėms d.d. ir šeštadieniais 8.00-21.00 val.
Šančiai,Lauko,Lauko gimnastikos įranga,Kauno Šančių mokykla - daugiafunkcis centras,"Vokiečių g.164, Kaunas",Gimnastika,nėra,Gera,Įrengta 2014m.,Mokyklos reikmėms. Po pamokų ir savaitgaliais gali sportuoti bendruomenės nariai
Šančiai,Lauko,Tinklinio aikštelė,Kauno Šančių mokykla - daugiafunkcis centras,"Vokiečių g.164, Kaunas",Tinklinis,yra ,Bloga,,Mokyklos reikmėms. Po pamokų ir savaitgaliais gali sportuoti bendruomenės nariai
Šančiai,Lauko,Stadionas,Kauno Šančių mokykla - daugiafunkcis centras,"Vokiečių g.164, Kaunas","Futbolas, regbis, lengvoji atletika",yra ,Bloga,,Mokyklos reikmėms. Po pamokų ir savaitgaliais gali sportuoti bendruomenės nariai
Šančiai,Lauko,Krepšinio aikštelė,Kauno Šančių mokykla - daugiafunkcis centras,"Vokiečių g.164, Kaunas",Krepšinis,yra ,gera,"Persfaltuota, įrengtos naujos krepšinio lentos 2013m.",Mokyklos reikmėms. Po pamokų ir savaitgaliais gali sportuoti bendruomenės nariai
Šančiai,Vidaus,Sporto salė,Kauno Šančių mokykla - daugiafunkcis centras,"Vokiečių g.164, Kaunas","Krepšinis, gimnastika, rankinis",nėra,Renovuotos grindys,2016 m.,"Mokyklos reikmėms d.d. 8.00 - 17.00  Išnuomota  I,III.V -17.30-20.30, II- 16.00-19.00, IV-16.00-20.30"
Šančiai,Lauko,Stadionas,KTU Vaižganto progimnazija,Skuodo g.27,bendras fizinis rengimas,yra ,Bloga,,"mokyklos reikmėms d.d. 8,15-16 val."
Šančiai,Vidaus,Sporto salė,KTU Vaižganto progimnazija,Skuodo g.28,Krepšinis,nėra,Patenkinama,,"mokyklos reikmėms d.d. 8,15-16 val.Išnuomota I,II,V 16,00-19,30val;II,IV 17,30-21,00 val."
Šančiai,Vidaus,Sporto salė,KTU Vaižganto progimnazija,Skuodo g.29,bendras fizinis rengimas,nėra,Patenkinama,,"mokyklos reikmėms d.d. 8,15-14 val.Išnuomota I,III,IV 14,00-20,30val;V 15,00-20,00 val"
Šančiai ,Lauko,Krepšinio aikštelė,M.Valančiaus m-d,Ktanto 5-oji g. 7,krepšinis,yra ,bloga,būtina renovuoti,mokyklos reikmėms d.d. 8.00-14.00 val.
Šančiai ,Vidaus,Sporto salė,M.Valančiaus m-d,Ktanto 5-oji g. 8,"Krepšinis, gimnastika",nėra,gera,,mokyklos reikmėms d.d. 8.00-14.00 val.
Šilainiai,Lauko,"Lauko treniruokliai, gimnastikos įrenginiai",J.Basanavičiaus gimnazija,Šarkuvos 28,bendras fizinis rengimas,nėra,Renovuotina,2014 m,mokyklos reikmėms d.d. nuo 16.00val. -  rajono bendruomenei
Šilainiai,Lauko,Stadionas,J.Basanavičiaus gimnazija,Šarkuvos 28,"Futbolas, regbis, lengvoji atletika",nėra,Renovuotina,2014 m ,Mokyklos reikmėms d.d. 16.00 - 21.00 val. Išnuomota. Savaitgaliai- rajono bendruomenei
Šilainiai,Lauko,Krepšinio aikštelė,J.Basanavičiaus gimnazija,Šarkuvos 28,"Krepšinis,tinklinis,lauko tenisas",nėra,Renovuotina,2014 m ,Mokyklos reikmėms d.d. Nuo 16.00 val-  rajono bendruomenei
Šilainiai,Vidaus,Sporto salė,J.Basanavičiaus gimnazija,Šarkuvos 28,"Krepšinis, tinklinis, badmintonas gimnastika, bendras fizinis rengimas ",nėra,Vidutinė (žiemą šalta),1987 m,Mokyklos reikmėms d.d. Nuo 17.00 - 20.00 val. Išnuomota 
Šilainiai,Vidaus,Treniruoklių salė,J.Basanavičiaus gimnazija,Šarkuvos 28,Bendras fizinis rengimas,nėra,Gera,1987 m ,Mokyklos rekmėms
Šilainiai,Vidaus,Gimnastikos salė ,J.Basanavičiaus gimnazija,Šarkuvos 28,"Gimnastika, bendras fizinis rengimas,stalo tenisas",nėra,Vidutinė  ,1987 m,Mokyklos reikmėms d.d. Nuo 17.00 - 20.00 val. Išnuomota 
Šilainiai,Lauko,Krepšinio aikštelė,"Kauno ""Santaros"" gimnazija",Baltų per. 51,krepšinis,yra ,Reikia tvarkymo ,2012 m.,mokyklos reikmėms d.d. I - V  8.00 - 15.00 val.
Šilainiai,Vidaus,Sporto salė,"Kauno ""Santaros"" gimnazija",Baltų per. 51,Krepšinis,nėra,Reikia remonto,1989 m.,mokyklos reikmėms d.d. I - V  8.00 - 15.30 val.
Šilainiai,Lauko,Krepšinio aikštelė,Kauno Juozo Grušo meno gimnazija,Šarkuvos g.30,krepšinis,nėra,gera,,Perduota savivaldybei baseino statybai
Šilainiai,Vidaus,Sporto salė,Kauno Juozo Grušo meno gimnazija,Šarkuvos g.30,Krepšinis,nėra,Gera,2011,Mokyklos reikmėms d.d.8.00-16.00 nuomojama d.d. 16.00-20.30
Šilainiai,Vidaus,Sporto salė,Kauno Juozo Grušo meno gimnazija,Šarkuvos g.30,"Bendras fizinis rengimas, nuomojama",nėra,Gera,2011,Mokyklos reikmėms d.d.8.00-14.00 nuomojama d.d. 14.00-19.30
Šilainiai,Vidaus,Baseinas,Kauno plaukimo mokykla,Baltų pr. 8,"plaukimas, triatlonas, neįgalieji (judėjimo ir aklieji-silpnaregiai)",nėra,Renovuotina,1989 m.,"Mokyklos reikmėms. 
Treniruotės d.d. 6.00-19.30 val. 
šeštadieniais 7.00-12.00  val.
Paslaugos gyventojams 
d.d. 8.00-13.00, 19.30-21.30 val.
šeštadieniais 11.00-13.00 val."
Šilainiai,Lauko,Universali sporto aikštelė,Kauno Prano Mašioto pradinė mokykla,Rasytės 1 ,"Lauko tenisas, tinklinis, krepšinis",yra ,labai gera,2018 m.,Mokyklos reikmėms
Šilainiai,Lauko,Lauko treniruokliai,Kauno specialioji mokykla,"Apuolės g. 11, Kaunas",Bendras fizinis rengimas,nėra,Gera,2018,Mokyklos reikmėms 8.00 - 20.00 val.
Šilainiai,Vidaus,Sporto salė,Kauno specialioji mokykla,"Apuolės g. 11, Kaunas","Krepšinis, gimnastika",nėra,Renovuotina,1966,Mokyklos reikmėms 8.00 - 20.00 val.
Šilainiai,Lauko,Daugiafunkcis gimnastikos įrenginys,Kauno šv. Kazimiero progimnazija,"Vandžiogalos pl. 51, Kaunas",bendras fizinis rengimas,nėra,Gera,2017 m.,Mokyklos reikmėms d.d. 8.00 -15.00 val. Bendruomenės reikmėms 15.00-21.00 val.
Šilainiai,Lauko,Lauko treniruokliai,Kauno šv. Kazimiero progimnazija,"Vandžiogalos pl. 51, Kaunas",bendras fizinis rengimas,nėra,Gera,2018 m.,Mokyklos reikmėms d.d. 8.00 -15.00 val. Bendruomenės reikmėms 15.00-21.00 val.
Šilainiai,Lauko,Mini futbolo aikštelė,Kauno šv. Kazimiero progimnazija,"Vandžiogalos pl. 51, Kaunas",Futbolas,nėra,Gera,2018 m.,Mokyklos reikmėms d.d. 8.00 -15.00 val. Bendruomenės reikmėms 15.00-21.00 val.
Šilainiai,Lauko,"Bėgimo takeliai, šuolio į tolį sektorius",Kauno šv. Kazimiero progimnazija,"Vandžiogalos pl. 51, Kaunas","Lengvoji atletika, bendras fizinis pasirengimas",nėra,Gera,2018 m.,Mokyklos reikmėms d.d. 8.00 -15.00 val. Bendruomenės reikmėms 15.00-21.00 val.
Šilainiai,Lauko,Futbolo aikštynas,Kauno šv. Kazimiero progimnazija,"Vandžiogalos pl. 51, Kaunas","Futbolas, regbis, lengvoji atletika",nėra,Gera,2018 m.,Mokyklos reikmėms d.d. 8.00 -15.00 val. Bendruomenės reikmėms 15.00-21.00 val.
Šilainiai,Lauko,Krepšinio aikštelė,Kauno šv. Kazimiero progimnazija,"Vandžiogalos pl. 51, Kaunas",Krepšinis,nėra,Gera,2013 m.,Mokyklos reikmėms d.d. 8.00 -15.00 val. Bendruomenės reikmėms 15.00-21.00 val.
Šilainiai,Vidaus,Sporto salė,Kauno šv. Kazimiero progimnazija,"Vandžiogalos pl. 51, Kaunas","Gimnastika, sportiniai ir judrieji žaidimai, bendras fizinis rengimas",nėra,Gera,2017 m.,Mokyklos reikmėms d.d. 8.00 -15.00 val. išnuomuojama 15.00-22.00 val.
Šilainiai,Vidaus,Gimnastikos salytė,Kauno šv. Kazimiero progimnazija,"Vandžiogalos pl. 51, Kaunas","Gimnastika, aerobika, joga",nėra,Renovuotina,,Mokyklos reikmėms d.d. 8.00 -15.00 val. 
Šilainiai,Lauko,"Lauko treniruokliai, gimnastikos įrenginiai",Kauno Tado Ivanausko progimnazija,"Vėtrungės g. 1, Kaunas",bendras fizinis rengimas,nėra,Gera,2017/2018 m.,"Mokyklos reikmėms: I 8.00–15.30, II 8.00–16.00, III 8.00–16.00, IV 8.00–15.30, V 8.00–15.00 val."
Šilainiai,Lauko,Stadionas,Kauno Tado Ivanausko progimnazija,"Vėtrungės g. 1, Kaunas","Futbolas, regbis, lengvoji atletika",yra ,Gera,2017/2018 m.,"Mokyklos reikmėms: I 8.00–15.30, II 8.00–16.00, III 8.00–16.00, IV 8.00–15.30, V 8.00–15.00 val."
Šilainiai,Lauko,Krepšinio aikštelė,Kauno Tado Ivanausko progimnazija,"Vėtrungės g. 1, Kaunas",krepšinis,yra ,Gera,2017/2018,"Mokyklos reikmėms: I 8.00–15.30, II 8.00–16.00, III 8.00–16.00, IV 8.00–15.30, V 8.00–15.00 val."
Šilainiai,Vidaus,Sporto salė,Kauno Tado Ivanausko progimnazija,"Vėtrungės g. 1, Kaunas","Krepšinis, gimnastika",nėra,Renovuotina,1985m.,"Mokyklos reikmėms: I 8.00–15.30, II 8.00–16.00, III 8.00–16.00, IV 8.00–15.30, V 8.00–15.00 val. Išnuomota: I 15.30–21.30 val., II 16.00–21.00 val., III 16.00–22.00 val., IV 15.30–20.30, V 15.00–20.30, VI 9.00–13.00 "
Šilainiai,Lauko,Tinklinio aikštelė,Kauno Tado Ivanausko progimnazija,"Vėtrungės g. 1, Kaunas",Tinklinis,yra ,Gera,2017/2018 m.,"Mokyklos reikmėms: I 8.00–15.30, II 8.00–16.00, III 8.00–16.00, IV 8.00–15.30, V 8.00–15.00 val."
Šilainiai,Lauko ,Krepšinio aikštelė,Kauno Veršvų gimnazija,Romainių g. 28,Krepšinis,yra ,gera,Renovuota 2018 m.,Mokyklos ir bendruomenės reikmėms  d.d. nuo 8.00 iki 15.00
Šilainiai,Vidaus,Sporto salė,Kauno Veršvų gimnazija,Romainių g. 28,"Krepšinis, rankinis, gimnastika, bendras fizinis pasirengimas",nėra,gera,Dar pilnai neĮrengta  ,Mokyklos reikmėms d.d. nuo 8.00 iki 15.00 (nuo spalio mėnesio planuojama išnuomoti I-IV  )
Šilainiai,Lauko,"Lauko teniso, tinklinio aikštelė",Milikonių progimnazija,Baltijos g. 30,"lauko tenisas, tinklinis",yra ,Gera,2018,mokyklos reikmėms d.d. nuo 8.00 iki 14.35
Šilainiai,Lauko,Stadionas,Milikonių progimnazija,Baltijos g. 30, lengvoji atletika,yra ,Gera,2018,mokyklos reikmėms d.d. nuo 8.00 iki 14.35
Šilainiai,Lauko,Krepšinio aikštelė,Milikonių progimnazija,Baltijos g. 30,"krepšinis, kvadratas",yra ,Gera,2018,mokyklos reikmėms d.d. nuo 8.00 iki 14.35
Šilainiai,Lauko,Futbolo aikštė,Milikonių progimnazija,Baltijos g. 30,futbolas,yra ,Gera,2018,mokyklos reikmėms d.d. nuo 8.00 iki 14.35. Išnuomota d.d.  nuo 15.30 iki 20.00 
Šilainiai,Vidaus,Sporto salė,Milikonių progimnazija,Baltijos g. 30,"Krepšinis, tinklinis, gimnastika",nėra,Gera,,mokyklos reikmėms d.d. nuo 8.00 iki 14.35. Išnuomota d.d. nuo 14.35 iki 21.00. Šeštadieniais nuo 10.00 iki 11.30
Šilainiai ,Vidaus,Sporto salė,Kauno „Ryto“ pradinė mokykla,Šarkuvos g.29,krepšinis,nėra,Gera,1998 m.,"Po pamokų ir mokyklos būrelių  nuomuojama III-15.15-16.15, V-13.00-14.30"
Šilainiai ,Vidaus,Sporto salė,Kauno „Ryto“ pradinė mokykla,Šarkuvos g.29,Karate,nėra,Gera,1998 m.,"Po pamokų ir mokyklos būrelių  nuomuojama I-14.00-16.00, III 13.00-15.00"
Viliampolė,Lauko,Stadionas,Kauno Veršvų gimnazija,Mūšos g. 6,Bendras fizinis rengimas,yra ,Gera,Renovuotas 2017 m.,Mokyklos ir bendruomenės reikmėms d. d. nuo 8.00 iki 18.00
Viliampolė,Lauko,Krepšinio aikštelė,Kauno Veršvų gimnazija,Mūšos g. 6,Krepšinis,yra ,gera,Renovuota 2017 m.,Mokyklos ir bendruomenės reikmėms d.d. nuo 8.00 iki 20.00 (šviesiu paros metu)
Viliampolė,Vidaus,Sporto salė,Kauno Veršvų gimnazija,Mūšos g. 6,"Krepšinis, gimnastika, bendras fizinis pasirengimas",nėra,Renovuotina,Statyta 1950 m.,"Mokyklos reikmėms d.d. nuo 8.00 iki 16.30 Išnuomota I ir IV nuo 16.30 iki 21.30 ; II, III,V nuo 16.30 iki 20.00 "
Viliampolė,Lauko,Futbolo/žolės riedulio aikštelė,Kauno Veršvų gimnazija,Mūšos g. 6,"Futbolas, žolės riedulys",yra ,gera,Renovuota 2017 m.,Mokyklos ir bendruomenės reikmėms d.d. nuo 8.00 iki 17.30
Vilijampolė,Lauko,Stadionas,Kauno Jono ir Petro Vileišių mokykla,Demokratų g. 36,"Bendras fizinis rengimas, futbolas",yra ,Renovuotina,2019 m. ,Mokyklos reikmėms iki 13 val. Išnuomota iki 20 val. 
Vilijampolė,Lauko,Krepšinio aikštelė minkšta danga,Kauno Jono ir Petro Vileišių mokykla,Demokratų g. 36,"Bendras fizinis rengimas, kvadratas tinklinis",yra ,Renovuotina,2019 m. ,Mokyklos reikmėms iki 13 val. 
Vilijampolė,Lauko,Treniruokliai,Kauno Jono ir Petro Vileišių mokykla,Demokratų g. 36,Bendras fizinis rengimas,yra ,Renovuotina,Nenumatyta,Nesaugūs naudoti dėl nusidėvėjimo
Vilijampolė,Vidaus,Sporto salė,Kauno Jono ir Petro Vileišių mokykla,Demokratų g. 36,"Bendras fizinis rengimas, kvadratas,tinklinis",nėra,Gera,Nenumatyta,Mokyklos reikmėms iki 15 val. Nuomojama iki 22 val. 
Vilijampolė,Vidaus,Mažoji sporto salė,Kauno Jono ir Petro Vileišių mokykla,Demokratų g. 36,"Bendras fizinis rengimas, kvadratas ",nėra,Gera,Nenumatyta,"Mokyklos reikmėms iki 13 val., nuomojama iki 21 val. "
Vilijampolė,Vidaus,Gimnastikos salė,Kauno Jono ir Petro Vileišių mokykla,Demokratų g. 36,Bendras fizinis rengimas ,nėra,Renovuota,Nėra poreikio ,Mokyklos reikmėms iki 12 val. Išnuomota iki 20 val. 30 min. 
Vilijampolė,Lauko ,Stadionas ,Kauno Jono ir Petro Vileišių mokykla,A.Stulginskio g. 61,"Bendras fizinis rengimas, futbolas, krepšinis",yra ,Renovuotina,Nenumatyta,Mokyklos reikmėms. 
Vilijampolė,Vidaus,Sporto salė,Kauno Jono ir Petro Vileišių mokykla,A.Stulginskio g. 61,"Bendras fizinis rengimas, futbolas, krepšinis, tinklinis, kvadratas",nėra,Patenkinama,Nenumatyta,Mokyklos reikmėms iki 15 val. Išnuomota kiekvieną dieną iki 21:30. 
Vilijampolė,Vidaus,Sporto minkšta danga,Kauno Jono ir Petro Vileišių mokykla,A.Stulginskio g. 61,Bendras fizinis rengimas,nėra,Renovuotina,Nenumatyta,Mokyklos reikmėms iki 13 val. Išnuomota nuo 16 iki 20 val. 
Vilijampolė,Vidaus,Choreografijos salė,Kauno Jono ir Petro Vileišių mokykla,A.Stulginskio g. 61,Choreografijos pamokos,nėra,Renovuotina,Nenumatyta,Mokyklos reikmėms trečiadieniais iki 16 val. Nuomojama Pirmadieniais ir trečiadiniais nuo 18 iki 19 val. 
Vilijampolė,Vidaus,Baseinas,Kauno plaukimo mokykla,Demokratų g. 34,"plaukimas, šuoliai į vandenį, šiuolaikinė penkiakovė, 
neįgalieji- kurtieji",nėra,Gera,2017 m.,"Mokyklos reikmėms. 
Treniruotės d.d. 6.00-19.30 val. 
šeštadieniais 7.00-14.30 val.
Paslaugos gyventojams 
d.d. 8.00-13.00, 19.30-21.30 val.
šeštadieniais 11.00-13.00 val."
Vilijampolė,Vidaus,Treniruolių salė,"SM ""Bangpūtys""",Gervių g. 5,Bendras fizinis rengimas,nėra,renovuotina,,mokyklos reikmėms d.d. 8.00-19.00 val.
Vilijampolė,Lauko,Sporto aikštelė,"SM ""Bangpūtys""",Gervių g. 5,"Krepšinis, futbolas",yra,renovuotina,,mokyklos reikmėms d.d. 12.00-20.00 val.
Vilijampolė,Vidaus,Dviračių sporto bazė,"SM ""GAJA""",A.Stulginskio g. 61,Dviračių sportas,nėra,"Patenkinama, reikalingas remontas",Patalpos gautos 2018 m. rugsėjo mėn.,Mokyklos reikmėms 
Vilijampolė,Lauko,Stadionas,"SM ""Tauras""",Neries kr. 7B,futbolas: treniruotės ir varžybos,yra ,Gera,2015 m.,mokyklos reikmėms visomis savaitės dienomis
Vilijampolė,Vidaus,Treniruoklių salė,"SM ""Tauras""",Neries kr. 7B,futbolas:bendras fizinis rengimas,nėra,Gera,2016 m.,mokyklos reikmėms visomis savaitės dienomis
Vilijampolė,Vidaus,Dengtas stadionas,"SM ""Tauras""",Jovarų g. 4,"Futbolas, regbis, žolės riedulys",nėra,Statomas,2019 m.,
Vilijampolė,Vidaus,Sporto salė,"SM ""Tauras""",Bijūnų 12,rankinis: treniruotės ir varžybos,nėra,Renovuotina,2016 m.,"mokyklos reikmėms visomis savaitės dienomis, nuomojama: pirmadienis  9.00-10.30;20.30-22.00,;ketvirtadienis 12.00-13.00 , 20.30-22.00; sekmadienis 18.00-20.00"
Vilijampolė,Vidaus,Treniruoklių salė,"SM ""Tauras""",Bijūnų 12,rankinis:bendras fizinis rengimas,nėra,Renovuotina,2016 m.,mokyklos reikmėms visomis savaitės dienomis
Žaliakalnis,Vidaus,Sporto salė,"„Saulės"" gimnazija",Savanorių per. 46,Bendras fizinis rengimas: sporto ir sveikos gyvensenos užsiėmimai,nėra ,gera,2006 m. ,"Gimnazijos reikmėms - d. d. 8.00-17.00 val., išnuomota - I - V 17.00 - 20.30 val., III  21.00 - 22.00 val., I-II, IV-V 21.30 - 22.30, VI - VII 10.30 - 13.00 val., VII 18.00 - 20.00 val. "
Žaliakalnis,Vidaus,Teniso ir treniruoklių sporto kabinetas,"„Saulės"" gimnazija",Savanorių per. 46,"Stalo tenisas, bendras fizinis rengimas",nėra ,gera,2010 m. ,Gimnazijos reikmėms - d. d. 8.00-17.00 val. 
Žaliakalnis,Lauko ,Krepšinio aikštelė,"„Saulės"" gimnazija",Savanorių per. 46,Krepšinis,yra,patenkinama,2005 m. ,Gimnazijos reikmėms - d. d. 8.00-17.00 val. 
Žaliakalnis,Lauko ,Futbolo aikštelė,"„Saulės"" gimnazija",Savanorių per. 46,Futbolas,yra,gera,2006 m. ,Gimnazijos reikmėms - d. d. 8.00-17.00 val. 
Žaliakalnis,Lauko,Krepšinio aikštelė,Kauno Jono Jablonskio gimnazija,"Aušros g. 3, Kaunas",Krepšinis,nėra,gera,2017 m.,"Mokyklos reikmės naudojama I-V 8.00-16.00 val., bendruomenės reikmėms 16.00-22.00"
Žaliakalnis,Vidaus,Sporto salė,Kauno Jono Jablonskio gimnazija,"Aušros g. 3, Kaunas","Krepšinis, gimnastika, tinklinis",nėra,Renovuotina,,"Mokyklos reikmėms I-V 8.00-16.00, išnuomota I 15.30-21.30; II 16.00-20.30; III 16.00-21.30; IV 16.00-21.30; V 17.00-20.00"
Žaliakalnis,Vidaus,Choreografijos salė,Kauno Jono Jablonskio gimnazija,"Aušros g. 3, Kaunas","Teatro užsiėmimai, jogos treniruotės, rytų kovos menų treniruotės",nėra,Renovuotina,,"Mokyklos reikmėms I-V 8.00-16.00, išnuomota I, IV 19.00-21.00"
Žaliakalnis,Vidaus,Sporto salė (80 m2),Kauno kurčiųjų ir neprigirdinčiųjų ugdymo centras,Uosio g. 7,"Krepšinis, lengvoji atletika",nėra,Gera,2017 m.,"mokyklos ir bendrabutyje gyvenančių mokinių reikmėms I-IV 8-20 val., V 8-14 val. "
Žaliakalnis,Lauko,Krepšinio aikštelė,Kauno kurčiųjų ir neprigirdinčiųjų ugdymo centras,Uosio g. 7,krepšinis,yra ,avarinė/ Renovuotinas,,
Žaliakalnis,Lauko,Lauko gimnastikos įrenginiai,Kauno Prano Daunio ugdymo centras,"Taikos pr.6A, Kaunas",bendras fizinis rengimas,nėra,Renovuotina,2004 m.,Centro reikmėms d.d. 8.00-20.00 val
Žaliakalnis,Lauko,Stadionas,Kauno Prano Daunio ugdymo centras,Taikos pr.6A,bendras fizinis rengimas,yra ,"Renovuotina, futbolo vartų nėra, bėgimo takas gruntinis",2004 m.,Centro reikmėms d.d. 8.00-20.00 val
Žaliakalnis,Vidaus,Ledo arena,"Kauno žiemos sporto mokykla ""Baltų ainiai""","Aušros g. 42, Kaunas","dailusis čiuožimas, ledo ritulys",yra ,renovuojama,nuo 2008 m.,mokyklos reikmėms I-V 7.00 iki 20.00 ir VI-8.00-13.00; išnuomota I-V 20.00-23.00; VI -VII -13.00-17.00 miesto gyventojams ir svečiams; VI-VII 17.00-23.00 išnuomota
Žaliakalnis,Lauko,"Lauko treniruokliai, gimnastikos įrenginiai",KTU inžinerijos licėjus,S.Lozoraičio g.13,bendras fizinis rengimas,nėra,Gera,,
Žaliakalnis,Lauko,Stadionas,KTU inžinerijos licėjus,S.Lozoraičio g.13,bendras fizinis rengimas,yra ,daromas projektas,,mokyklos reikmėms
Žaliakalnis,Lauko,Krepšinio aikštelė,KTU inžinerijos licėjus,S.Lozoraičio g.13,krepšinis,nėra,daromas projektas,,
Žaliakalnis,Vidaus,Sporto salė,KTU inžinerijos licėjus,S.Lozoraičio g.13,"Krepšinis,futbolas, gimnastika(kūno kultūros pamokos)",nėra,Renovuotina,,"Šiuo metu derinami užimtumo grafikai, nuoma bus sudaroma pasibaigus pamokoms"
Žaliakalnis,Lauko,Maža sporto aikštelė,"Mokykla-darželis ""Rūtelė""",Klaniečių g. 167,futbolas,nėra,gera,2015,mokyklos reikmėms 
Žaliakalnis,Lauko,"Lauko treniruokliai, gimnastikos įrenginiai",Žaliakalnis progimnazija,Širvintų g.15,bendras fizinis rengimas,nėra,Gera,2014 m.,Mokyklos reikmėms
Žaliakalnis,Lauko,Krepšinio aikštelė,Žaliakalnis progimnazija,Širvintų g.15,"Krepšinis, bendras fizinis parengimas",nėra,Gera,2014 m.,Mokyklos reikmėms
Žaliakalnis,Vidaus,Sporto salė,Žaliakalnis progimnazija,Širvintų g.15,"Krepšinis, gimnastika",nėra,Labai maža,2010m.,Mokyklos reikmėms
Žaliakalnis ,Vidaus ,Sporto/ aktų salė,Kauno Gedimino sporto ir sveikatinimo gimnazija,Aukštaičių g. 78,,nėra,Patenkinama,Reikia remonto,"Gimnazijos reikmėms, nuomojama: I  16.00 - 18.00, II - 15.30 -16.30  val., III - 16.00 - 18.30 val., IV - 15.30 - 18.00 val. V - 16.30-18.30 val."
Žaliakalnis ,Vidaus ,Gimnastikos salė,Kauno Gedimino sporto ir sveikatinimo gimnazija,Aukštaičių g. 79,,nėra,Prasta,Reikia remonto,"Gimnastikos reikmėms; nuomojama I- 18.00-19.00 val. II - 17.00-19.00 val., III - 15.45 - 19.30 val., IV - 17.00   -19.00 val., V - 16.00-18.00 val. "
Žaliakalnis ,Vidaus ,Treniruoklių salė,Kauno Gedimino sporto ir sveikatinimo gimnazija,Aukštaičių g. 80,,nėra,Gera,,Gimnazijos reikmėms
Žaliakalnis ,Lauko,Aikštynai,Kauno Gedimino sporto ir sveikatinimo gimnazija,Aukštaičių g. 81,"Futbolas, krepšinis",yra ,Renovuotina,Reikia renovacijos,Gimnazijos reikmėms
Žaliakalnis ,Vidaus ,Sporto salė ,Kauno Gedimino sporto ir sveikatinimo gimnazija,Ašigalio g. 23,,nėra,Gera,,Gimnazijos reikmėms; Išnuomota : Kauno Pilėnų pagrindinei mokyklai nuo 8.00 iki 10.00 val.; nuomininkams:  nuo 12.00 iki 20.30 val. 
